State/Province,County,City,Zip,Distance,Materials,Size,Category,Rental Length,Client Type,Pricing Type,Weight Allowance in Tons,Client Cost,Failed Client Cost,Cost per Ton Over,Cost per Day Over,Delivery Fee,Fuel Surcharge,Fuel Surcharge Percent,Task Type,Dump Location,Labor Cost,Material Cost,Equipment Cost,Taxable,Name,Description
California,,,91303; 91304; 91305; 91306; 91307; 91311; 91313; 91324; 91325; 91326; 91327; 91328; 91329; 91330; 91331; 91333; 91334; 91335; 91340; 91341; 91342; 91343; 91344; 91345; 91346; 91367; 91371; 91388; 91392; 91393; 91394; 91395; 91396; 91401; 91402; 91405; 91406; 91411; 91605,,,3,3 Yard,8,Contractor,,0.8,235.8,,320,25,,,,,,,,,No,D - 3 Yard Dumpster,"**THIS DUMPSTER DOES NOT HAVE WHEELS OR LIDS** If you want wheels and lids please select the 3yd with wheels and lids. Dimensions: 4W x 4T x 6L* (exact size may vary) Weight Included: 800lbs Overweight Charges: $16 per 100lbs Rental period: 8 days Additional Days: $25 each RESTRICTIONS: - No more than (2) wheelbarrow of any heavy construction material such as dirt, concrete, brick, rock, etc. (This limitation does NOT mean that it will stay within the 800lbs limit, but that the truck can pick it up at removal) - Must be filled no more than level - No hazardous waste (ex. Chemicals, batteries, paint, fluorescent lights, oils, etc.) - No electronic waste (ex. Computers, monitors, printers, cell phones, etc.)"
California,,,91303; 91304; 91305; 91306; 91307; 91311; 91313; 91324; 91325; 91326; 91327; 91328; 91329; 91330; 91331; 91333; 91334; 91335; 91340; 91341; 91342; 91343; 91344; 91345; 91346; 91367; 91371; 91388; 91392; 91393; 91394; 91395; 91396; 91401; 91402; 91405; 91406; 91411; 91605,,,3,3 Yard With Wheels,8,Contractor,,0.65,269.73,,320,25,,,,,,,,,No,D - 3 Yard Dumpster with Lids & Wheels,"Dimensions: 4W x 4T x 6L* (exact size may vary) Weight Included: 800lbs Overweight Charges: $16 per 100lbs Rental period: 8 days Additional Days: $25 each The 3yd with wheels and lids can be moved around after being placed down by the truck RESTRICTIONS: - No heavy construction material such as dirt, concrete, brick, rock, etc. - Must be filled no more than level - No hazardous waste (ex. Chemicals, batteries, paint, fluorescent lights, oils, etc.) - No electronic waste (ex. Computers, monitors, printers, cell phones, etc.) - If you move the dumpster from the spot that the driver dropped it off, you must move it back before removal."
California,,,91303; 91304; 91305; 91306; 91307; 91311; 91313; 91324; 91325; 91326; 91327; 91328; 91329; 91330; 91331; 91333; 91334; 91335; 91340; 91341; 91342; 91343; 91344; 91345; 91346; 91367; 91371; 91388; 91392; 91393; 91394; 91395; 91396; 91401; 91402; 91405; 91406; 91411; 91605,,,9,9 Yard,8,Contractor,,1,400,,120,40,,,,,,,,,No,D - 9 Yard Dumpster,"Dimensions: 6W x 4T x 10L* (exact size may vary) Weight Included: 1 ton Overweight Charges: $120/ton  Rental period: 8 days Additional Days: $40 each The 9cuyd dumpster can fit in most garages and carports! Perfect for fitting into tight spaces RESTRICTIONS: - No more than (5) wheelbarrow of any heavy construction material such as dirt, concrete, brick, rock, etc. (This limitation does NOT mean that it will stay within the 1 ton inclusion, but that the truck can pick it up at removal) - Must be filled no more than level - No hazardous waste (ex. Chemicals, batteries, paint, fluorescent lights, oils, etc.) - No electronic waste (ex. Computers, monitors, printers, cell phones, etc.)"
California,,,91303; 91304; 91305; 91306; 91307; 91311; 91313; 91324; 91325; 91326; 91327; 91328; 91329; 91330; 91331; 91333; 91334; 91335; 91340; 91341; 91342; 91343; 91344; 91345; 91346; 91367; 91371; 91388; 91392; 91393; 91394; 91395; 91396; 91401; 91402; 91405; 91406; 91411; 91605,,Clean Inert,10,10 Yard Clean,8,Contractor,,13,628,,120,40,,,,,,,,,No,"D - 10 Yard ""Low Boy"" Clean Inert Material Only Dumpster","Dimensions: 8W x 2T x 18L* (exact size may vary) Weight Included: Unlimted. Sorting Fee: $95-$150. Rental period: 8 days Additional Days: $40 each RESTRICTIONS: - Single inert material (dirt, rock, OR concrete) - If you mix (2) or more inert materials it becomes a clean mixed load and a sorting fee will be charged - Any materials other than dirt, rock, or concrete will make it a mixed trash load and the inclusion will go down to 1 tons and overloads will be charged at the rate of $120/ton for general trash and $130/ton for construction and demolition. (NOTE: Grass and brick are considered trash and are charged by the ton) - Must be filled no more than level - No hazardous waste (ex. Chemicals, batteries, paint, fluorescent lights, oils, etc.) - No electronic waste (ex. Computers, monitors, printers, cell phones, etc.)"
California,,,91303; 91304; 91305; 91306; 91307; 91311; 91313; 91324; 91325; 91326; 91327; 91328; 91329; 91330; 91331; 91333; 91334; 91335; 91340; 91341; 91342; 91343; 91344; 91345; 91346; 91367; 91371; 91388; 91392; 91393; 91394; 91395; 91396; 91401; 91402; 91405; 91406; 91411; 91605,,Mixed Trash,10,10 Yard,8,Contractor,,1,478,,120,40,,,,,,,,,No,D - 10 Yard Dumpster,"Dimensions: 8W x 2T x 18L* (exact size may vary) Weight Included: 1 ton  Sorting Fee: $95-$150 Rental period: 8 days Additional Days: $40 each RESTRICTIONS: - Single inert material (dirt, rock, OR concrete) - If you mix (2) or more inert materials it becomes a clean mixed load and a sorting fee will be charged - Any materials other than dirt, rock, or concrete will make it a mixed trash load and the inclusion will go down to 1 ton and overloads will be charged at the rate of $120/ton for general trash and $130/ton for construction and demolition. (NOTE: Grass and brick are considered trash and are charged by the ton) - Must be filled no more than level - No hazardous waste (ex. Chemicals, batteries, paint, fluorescent lights, oils, etc.) - No electronic waste (ex. Computers, monitors, printers, cell phones, etc.)"
California,,,91303; 91304; 91305; 91306; 91307; 91311; 91313; 91324; 91325; 91326; 91327; 91328; 91329; 91330; 91331; 91333; 91334; 91335; 91340; 91341; 91342; 91343; 91344; 91345; 91346; 91367; 91371; 91388; 91392; 91393; 91394; 91395; 91396; 91401; 91402; 91405; 91406; 91411; 91605,,,16,16 Yard,8,Contractor,,1,531.46,,120,40,,,,,,,,,No,D - 16 Yard Dumpster,"*Dimensions: 8W x 4T x 14L* (exact size may vary) Weight Included: 1 ton Overweight Charges: $120/ton Rental period: 8 days Additional Days: $40 each RESTRICTIONS: - No more than (8) wheelbarrow of any heavy construction material such as dirt, concrete, brick, rock, etc. (This limitation does NOT mean that it will stay within the 1 ton inclusion, but that the truck can pick it up at removal) - Must be filled no more than level - No hazardous waste (ex. Chemicals, batteries, paint, fluorescent lights, oils, etc.) - No electronic waste (ex. Computers, monitors, printers, cell phones, etc.)"
California,,,91303; 91304; 91305; 91306; 91307; 91311; 91313; 91324; 91325; 91326; 91327; 91328; 91329; 91330; 91331; 91333; 91334; 91335; 91340; 91341; 91342; 91343; 91344; 91345; 91346; 91367; 91371; 91388; 91392; 91393; 91394; 91395; 91396; 91401; 91402; 91405; 91406; 91411; 91605,,,25,25 Yard,8,Contractor,,2,596,,120,40,,,,,,,,,No,D - 25 Yard Dumpster,"*Dimensions: 8W x 6T x 15L* (exact size may vary) Weight Included: 2 tons Overweight Charges: $120/ton Rental period: 8 days Additional Days: $40 each RESTRICTIONS: - No more than (15) wheelbarrows of any heavy construction material such as dirt, concrete, brick, rock, etc. (This limitation does NOT mean that it will stay within the 2 ton inclusion, but that the truck can pick it up at removal) - Must be filled no more than level - No hazardous waste (ex. Chemicals, batteries, paint, fluorescent lights, oils, etc.) - No electronic waste (ex. Computers, monitors, printers, cell phones, etc.)"
California,,,91303; 91304; 91305; 91306; 91307; 91311; 91313; 91324; 91325; 91326; 91327; 91328; 91329; 91330; 91331; 91333; 91334; 91335; 91340; 91341; 91342; 91343; 91344; 91345; 91346; 91367; 91371; 91388; 91392; 91393; 91394; 91395; 91396; 91401; 91402; 91405; 91406; 91411; 91605,,,40,40 Yard,8,Contractor,,3,773,,120,40,,,,,,,,,No,D - 40 Yard Dumpster,"*Dimensions: 8W x 6T x 22L* (exact size may vary) Weight Included: 3 tons Overweight Charges: $120/ton Rental period: 8 days Additional Days: $40 each RESTRICTIONS: - No more than (15) wheelbarrows of any heavy construction material such as dirt, concrete, brick, rock, etc. (This limitation does NOT mean that it will stay within the 3 ton inclusion, but that the truck can pick it up at removal) - Must be filled no more than level - No hazardous waste (ex. Chemicals, batteries, paint, fluorescent lights, oils, etc.) - No electronic waste (ex. Computers, monitors, printers, cell phones, etc.)"
California,,,91316; 91356; 91357; 91364; 91365; 91403; 91416; 91426; 91436,,,3,3 Yard,8,Contractor,,0.8,258.73,,320,25,,,,,,,,,No,D - 3 Yard Dumpster,"**THIS DUMPSTER DOES NOT HAVE WHEELS OR LIDS** If you want wheels and lids please select the 3yd with wheels and lids. Dimensions: 4W x 4T x 6L* (exact size may vary) Weight Included: 800lbs Overweight Charges: $16 per 100lbs Rental period: 8 days Additional Days: $25 each RESTRICTIONS: - No more than (2) wheelbarrow of any heavy construction material such as dirt, concrete, brick, rock, etc. (This limitation does NOT mean that it will stay within the 800lbs limit, but that the truck can pick it up at removal) - Must be filled no more than level - No hazardous waste (ex. Chemicals, batteries, paint, fluorescent lights, oils, etc.) - No electronic waste (ex. Computers, monitors, printers, cell phones, etc.)"
California,,,91316; 91356; 91357; 91364; 91365; 91403; 91416; 91426; 91436,,,3,3 Yard With Wheels,8,Contractor,,0.65,294.23,,320,25,,,,,,,,,No,D - 3 Yard Dumpster with Lids & Wheels,"Dimensions: 4W x 4T x 6L* (exact size may vary) Weight Included: 800lbs Overweight Charges: $16 per 100lbs Rental period: 8 days Additional Days: $25 each The 3yd with wheels and lids can be moved around after being placed down by the truck RESTRICTIONS: - No heavy construction material such as dirt, concrete, brick, rock, etc. - Must be filled no more than level - No hazardous waste (ex. Chemicals, batteries, paint, fluorescent lights, oils, etc.) - No electronic waste (ex. Computers, monitors, printers, cell phones, etc.) - If you move the dumpster from the spot that the driver dropped it off, you must move it back before removal."
California,,,91316; 91356; 91357; 91364; 91365; 91403; 91416; 91426; 91436,,,9,9 Yard,8,Contractor,,1,417.67,,120,40,,,,,,,,,No,D - 9 Yard Dumpster,"Dimensions: 6W x 4T x 10L* (exact size may vary) Weight Included: 1 ton Overweight Charges: $120/ton  Rental period: 8 days Additional Days: $40 each The 9cuyd dumpster can fit in most garages and carports! Perfect for fitting into tight spaces RESTRICTIONS: - No more than (5) wheelbarrow of any heavy construction material such as dirt, concrete, brick, rock, etc. (This limitation does NOT mean that it will stay within the 1 ton inclusion, but that the truck can pick it up at removal) - Must be filled no more than level - No hazardous waste (ex. Chemicals, batteries, paint, fluorescent lights, oils, etc.) - No electronic waste (ex. Computers, monitors, printers, cell phones, etc.)"
California,,,91316; 91356; 91357; 91364; 91365; 91403; 91416; 91426; 91436,,Clean Inert,10,10 Yard Clean,8,Contractor,,13,672.98,,120,40,,,,,,,,,No,"D - 10 Yard ""Low Boy"" Clean Inert Material Only Dumpster","Dimensions: 8W x 2T x 18L* (exact size may vary) Weight Included: Unlimted. Sorting Fee: $95-$150. Rental period: 8 days Additional Days: $40 each RESTRICTIONS: - Single inert material (dirt, rock, OR concrete) - If you mix (2) or more inert materials it becomes a clean mixed load and a sorting fee will be charged - Any materials other than dirt, rock, or concrete will make it a mixed trash load and the inclusion will go down to 1 tons and overloads will be charged at the rate of $120/ton for general trash and $130/ton for construction and demolition. (NOTE: Grass and brick are considered trash and are charged by the ton) - Must be filled no more than level - No hazardous waste (ex. Chemicals, batteries, paint, fluorescent lights, oils, etc.) - No electronic waste (ex. Computers, monitors, printers, cell phones, etc.)"
California,,,91316; 91356; 91357; 91364; 91365; 91403; 91416; 91426; 91436,,Mixed Trash,10,10 Yard,8,Contractor,,1,538.84,,120,40,,,,,,,,,No,D - 10 Yard Dumpster,"Dimensions: 8W x 2T x 18L* (exact size may vary) Weight Included: 1 ton  Sorting Fee: $95-$150 Rental period: 8 days Additional Days: $40 each RESTRICTIONS: - Single inert material (dirt, rock, OR concrete) - If you mix (2) or more inert materials it becomes a clean mixed load and a sorting fee will be charged - Any materials other than dirt, rock, or concrete will make it a mixed trash load and the inclusion will go down to 1 ton and overloads will be charged at the rate of $120/ton for general trash and $130/ton for construction and demolition. (NOTE: Grass and brick are considered trash and are charged by the ton) - Must be filled no more than level - No hazardous waste (ex. Chemicals, batteries, paint, fluorescent lights, oils, etc.) - No electronic waste (ex. Computers, monitors, printers, cell phones, etc.)"
California,,,91316; 91356; 91357; 91364; 91365; 91403; 91416; 91426; 91436,,,16,16 Yard,8,Contractor,,1,568.84,,120,40,,,,,,,,,No,D - 16 Yard Dumpster,"*Dimensions: 8W x 4T x 14L* (exact size may vary) Weight Included: 1 ton Overweight Charges: $120/ton Rental period: 8 days Additional Days: $40 each RESTRICTIONS: - No more than (8) wheelbarrow of any heavy construction material such as dirt, concrete, brick, rock, etc. (This limitation does NOT mean that it will stay within the 1 ton inclusion, but that the truck can pick it up at removal) - Must be filled no more than level - No hazardous waste (ex. Chemicals, batteries, paint, fluorescent lights, oils, etc.) - No electronic waste (ex. Computers, monitors, printers, cell phones, etc.)"
California,,,91316; 91356; 91357; 91364; 91365; 91403; 91416; 91426; 91436,,,25,25 Yard,8,Contractor,,2,640.18,,120,40,,,,,,,,,No,D - 25 Yard Dumpster,"*Dimensions: 8W x 6T x 15L* (exact size may vary) Weight Included: 2 tons Overweight Charges: $120/ton Rental period: 8 days Additional Days: $40 each RESTRICTIONS: - No more than (15) wheelbarrows of any heavy construction material such as dirt, concrete, brick, rock, etc. (This limitation does NOT mean that it will stay within the 2 ton inclusion, but that the truck can pick it up at removal) - Must be filled no more than level - No hazardous waste (ex. Chemicals, batteries, paint, fluorescent lights, oils, etc.) - No electronic waste (ex. Computers, monitors, printers, cell phones, etc.)"
California,,,91316; 91356; 91357; 91364; 91365; 91403; 91416; 91426; 91436,,,40,40 Yard,8,Contractor,,3,821.03,,120,40,,,,,,,,,No,D - 40 Yard Dumpster,"*Dimensions: 8W x 6T x 22L* (exact size may vary) Weight Included: 3 tons Overweight Charges: $120/ton Rental period: 8 days Additional Days: $40 each RESTRICTIONS: - No more than (15) wheelbarrows of any heavy construction material such as dirt, concrete, brick, rock, etc. (This limitation does NOT mean that it will stay within the 3 ton inclusion, but that the truck can pick it up at removal) - Must be filled no more than level - No hazardous waste (ex. Chemicals, batteries, paint, fluorescent lights, oils, etc.) - No electronic waste (ex. Computers, monitors, printers, cell phones, etc.)"
California,,,90290; 91301; 91302; 91372,,,3,3 Yard,8,Contractor,,0.8,265.59,,320,25,,,,,,,,,No,D - 3 Yard Dumpster,"**THIS DUMPSTER DOES NOT HAVE WHEELS OR LIDS** If you want wheels and lids please select the 3yd with wheels and lids. Dimensions: 4W x 4T x 6L* (exact size may vary) Weight Included: 800lbs Overweight Charges: $16 per 100lbs Rental period: 8 days Additional Days: $25 each RESTRICTIONS: - No more than (2) wheelbarrow of any heavy construction material such as dirt, concrete, brick, rock, etc. (This limitation does NOT mean that it will stay within the 800lbs limit, but that the truck can pick it up at removal) - Must be filled no more than level - No hazardous waste (ex. Chemicals, batteries, paint, fluorescent lights, oils, etc.) - No electronic waste (ex. Computers, monitors, printers, cell phones, etc.)"
California,,,90290; 91301; 91302; 91372,,,3,3 Yard With Wheels,8,Contractor,,0.65,301.85,,320,25,,,,,,,,,No,D - 3 Yard Dumpster with Lids & Wheels,"Dimensions: 4W x 4T x 6L* (exact size may vary) Weight Included: 800lbs Overweight Charges: $16 per 100lbs Rental period: 8 days Additional Days: $25 each The 3yd with wheels and lids can be moved around after being placed down by the truck RESTRICTIONS: - No heavy construction material such as dirt, concrete, brick, rock, etc. - Must be filled no more than level - No hazardous waste (ex. Chemicals, batteries, paint, fluorescent lights, oils, etc.) - No electronic waste (ex. Computers, monitors, printers, cell phones, etc.) - If you move the dumpster from the spot that the driver dropped it off, you must move it back before removal."
California,,,90290; 91301; 91302; 91372,,,9,9 Yard,8,Contractor,,1,426,,120,40,,,,,,,,,No,D - 9 Yard Dumpster,"Dimensions: 6W x 4T x 10L* (exact size may vary) Weight Included: 1 ton Overweight Charges: $120/ton  Rental period: 8 days Additional Days: $40 each The 9cuyd dumpster can fit in most garages and carports! Perfect for fitting into tight spaces RESTRICTIONS: - No more than (5) wheelbarrow of any heavy construction material such as dirt, concrete, brick, rock, etc. (This limitation does NOT mean that it will stay within the 1 ton inclusion, but that the truck can pick it up at removal) - Must be filled no more than level - No hazardous waste (ex. Chemicals, batteries, paint, fluorescent lights, oils, etc.) - No electronic waste (ex. Computers, monitors, printers, cell phones, etc.)"
California,,,90290; 91301; 91302; 91372,,Clean Inert,10,10 Yard Clean,8,Contractor,,13,714.29,,120,40,,,,,,,,,No,"D - 10 Yard ""Low Boy"" Clean Inert Material Only Dumpster","Dimensions: 8W x 2T x 18L* (exact size may vary) Weight Included: Unlimted. Sorting Fee: $95-$150. Rental period: 8 days Additional Days: $40 each RESTRICTIONS: - Single inert material (dirt, rock, OR concrete) - If you mix (2) or more inert materials it becomes a clean mixed load and a sorting fee will be charged - Any materials other than dirt, rock, or concrete will make it a mixed trash load and the inclusion will go down to 1 tons and overloads will be charged at the rate of $120/ton for general trash and $130/ton for construction and demolition. (NOTE: Grass and brick are considered trash and are charged by the ton) - Must be filled no more than level - No hazardous waste (ex. Chemicals, batteries, paint, fluorescent lights, oils, etc.) - No electronic waste (ex. Computers, monitors, printers, cell phones, etc.)"
California,,,90290; 91301; 91302; 91372,,Mixed Trash,10,10 Yard,8,Contractor,,1,552.53,,120,40,,,,,,,,,No,D - 10 Yard Dumpster,"Dimensions: 8W x 2T x 18L* (exact size may vary) Weight Included: 1 ton  Sorting Fee: $95-$150 Rental period: 8 days Additional Days: $40 each RESTRICTIONS: - Single inert material (dirt, rock, OR concrete) - If you mix (2) or more inert materials it becomes a clean mixed load and a sorting fee will be charged - Any materials other than dirt, rock, or concrete will make it a mixed trash load and the inclusion will go down to 1 ton and overloads will be charged at the rate of $120/ton for general trash and $130/ton for construction and demolition. (NOTE: Grass and brick are considered trash and are charged by the ton) - Must be filled no more than level - No hazardous waste (ex. Chemicals, batteries, paint, fluorescent lights, oils, etc.) - No electronic waste (ex. Computers, monitors, printers, cell phones, etc.)"
California,,,90290; 91301; 91302; 91372,,,16,16 Yard,8,Contractor,,1,582.53,,120,40,,,,,,,,,No,D - 16 Yard Dumpster,"*Dimensions: 8W x 4T x 14L* (exact size may vary) Weight Included: 1 ton Overweight Charges: $120/ton Rental period: 8 days Additional Days: $40 each RESTRICTIONS: - No more than (8) wheelbarrow of any heavy construction material such as dirt, concrete, brick, rock, etc. (This limitation does NOT mean that it will stay within the 1 ton inclusion, but that the truck can pick it up at removal) - Must be filled no more than level - No hazardous waste (ex. Chemicals, batteries, paint, fluorescent lights, oils, etc.) - No electronic waste (ex. Computers, monitors, printers, cell phones, etc.)"
California,,,90290; 91301; 91302; 91372,,,25,25 Yard,8,Contractor,,2,680.03,,120,40,,,,,,,,,No,D - 25 Yard Dumpster,"*Dimensions: 8W x 6T x 15L* (exact size may vary) Weight Included: 2 tons Overweight Charges: $120/ton Rental period: 8 days Additional Days: $40 each RESTRICTIONS: - No more than (15) wheelbarrows of any heavy construction material such as dirt, concrete, brick, rock, etc. (This limitation does NOT mean that it will stay within the 2 ton inclusion, but that the truck can pick it up at removal) - Must be filled no more than level - No hazardous waste (ex. Chemicals, batteries, paint, fluorescent lights, oils, etc.) - No electronic waste (ex. Computers, monitors, printers, cell phones, etc.)"
California,,,90290; 91301; 91302; 91372,,,40,40 Yard,8,Contractor,,3,868.92,,120,40,,,,,,,,,No,D - 40 Yard Dumpster,"*Dimensions: 8W x 6T x 22L* (exact size may vary) Weight Included: 3 tons Overweight Charges: $120/ton Rental period: 8 days Additional Days: $40 each RESTRICTIONS: - No more than (15) wheelbarrows of any heavy construction material such as dirt, concrete, brick, rock, etc. (This limitation does NOT mean that it will stay within the 3 ton inclusion, but that the truck can pick it up at removal) - Must be filled no more than level - No hazardous waste (ex. Chemicals, batteries, paint, fluorescent lights, oils, etc.) - No electronic waste (ex. Computers, monitors, printers, cell phones, etc.)"
California,,,91413; 91423; 91424; 91504; 91505; 91506; 91507; 91508; 91510; 91521; 91522; 91523; 91526; 91601; 91602; 91603; 91604; 91606; 91607; 91608; 91609; 91611; 91612; 91614,,,3,3 Yard,8,Contractor,,0.8,240.8,,320,25,,,,,,,,,No,D - 3 Yard Dumpster,"**THIS DUMPSTER DOES NOT HAVE WHEELS OR LIDS** If you want wheels and lids please select the 3yd with wheels and lids. Dimensions: 4W x 4T x 6L* (exact size may vary) Weight Included: 800lbs Overweight Charges: $16 per 100lbs Rental period: 8 days Additional Days: $25 each RESTRICTIONS: - No more than (2) wheelbarrow of any heavy construction material such as dirt, concrete, brick, rock, etc. (This limitation does NOT mean that it will stay within the 800lbs limit, but that the truck can pick it up at removal) - Must be filled no more than level - No hazardous waste (ex. Chemicals, batteries, paint, fluorescent lights, oils, etc.) - No electronic waste (ex. Computers, monitors, printers, cell phones, etc.)"
California,,,91413; 91423; 91424; 91504; 91505; 91506; 91507; 91508; 91510; 91521; 91522; 91523; 91526; 91601; 91602; 91603; 91604; 91606; 91607; 91608; 91609; 91611; 91612; 91614,,,3,3 Yard With Wheels,8,Contractor,,0.65,281.73,,320,25,,,,,,,,,No,D - 3 Yard Dumpster with Lids & Wheels,"Dimensions: 4W x 4T x 6L* (exact size may vary) Weight Included: 800lbs Overweight Charges: $16 per 100lbs Rental period: 8 days Additional Days: $25 each The 3yd with wheels and lids can be moved around after being placed down by the truck RESTRICTIONS: - No heavy construction material such as dirt, concrete, brick, rock, etc. - Must be filled no more than level - No hazardous waste (ex. Chemicals, batteries, paint, fluorescent lights, oils, etc.) - No electronic waste (ex. Computers, monitors, printers, cell phones, etc.) - If you move the dumpster from the spot that the driver dropped it off, you must move it back before removal."
California,,,91413; 91423; 91424; 91504; 91505; 91506; 91507; 91508; 91510; 91521; 91522; 91523; 91526; 91601; 91602; 91603; 91604; 91606; 91607; 91608; 91609; 91611; 91612; 91614,,,9,9 Yard,8,Contractor,,1,466.5,,120,40,,,,,,,,,No,D - 9 Yard Dumpster,"Dimensions: 6W x 4T x 10L* (exact size may vary) Weight Included: 1 ton Overweight Charges: $120/ton  Rental period: 8 days Additional Days: $40 each The 9cuyd dumpster can fit in most garages and carports! Perfect for fitting into tight spaces RESTRICTIONS: - No more than (5) wheelbarrow of any heavy construction material such as dirt, concrete, brick, rock, etc. (This limitation does NOT mean that it will stay within the 1 ton inclusion, but that the truck can pick it up at removal) - Must be filled no more than level - No hazardous waste (ex. Chemicals, batteries, paint, fluorescent lights, oils, etc.) - No electronic waste (ex. Computers, monitors, printers, cell phones, etc.)"
California,,,91413; 91423; 91424; 91504; 91505; 91506; 91507; 91508; 91510; 91521; 91522; 91523; 91526; 91601; 91602; 91603; 91604; 91606; 91607; 91608; 91609; 91611; 91612; 91614,,Clean Inert,10,10 Yard Clean,8,Contractor,,13,643.04,,120,40,,,,,,,,,No,"D - 10 Yard ""Low Boy"" Clean Inert Material Only Dumpster","Dimensions: 8W x 2T x 18L* (exact size may vary) Weight Included: Unlimted. Sorting Fee: $95-$150. Rental period: 8 days Additional Days: $40 each RESTRICTIONS: - Single inert material (dirt, rock, OR concrete) - If you mix (2) or more inert materials it becomes a clean mixed load and a sorting fee will be charged - Any materials other than dirt, rock, or concrete will make it a mixed trash load and the inclusion will go down to 1 tons and overloads will be charged at the rate of $120/ton for general trash and $130/ton for construction and demolition. (NOTE: Grass and brick are considered trash and are charged by the ton) - Must be filled no more than level - No hazardous waste (ex. Chemicals, batteries, paint, fluorescent lights, oils, etc.) - No electronic waste (ex. Computers, monitors, printers, cell phones, etc.)"
California,,,91413; 91423; 91424; 91504; 91505; 91506; 91507; 91508; 91510; 91521; 91522; 91523; 91526; 91601; 91602; 91603; 91604; 91606; 91607; 91608; 91609; 91611; 91612; 91614,,Mixed Trash,10,10 Yard,8,Contractor,,1,500.27,,120,40,,,,,,,,,No,D - 10 Yard Dumpster,"Dimensions: 8W x 2T x 18L* (exact size may vary) Weight Included: 1 ton  Sorting Fee: $95-$150 Rental period: 8 days Additional Days: $40 each RESTRICTIONS: - Single inert material (dirt, rock, OR concrete) - If you mix (2) or more inert materials it becomes a clean mixed load and a sorting fee will be charged - Any materials other than dirt, rock, or concrete will make it a mixed trash load and the inclusion will go down to 1 ton and overloads will be charged at the rate of $120/ton for general trash and $130/ton for construction and demolition. (NOTE: Grass and brick are considered trash and are charged by the ton) - Must be filled no more than level - No hazardous waste (ex. Chemicals, batteries, paint, fluorescent lights, oils, etc.) - No electronic waste (ex. Computers, monitors, printers, cell phones, etc.)"
California,,,91413; 91423; 91424; 91504; 91505; 91506; 91507; 91508; 91510; 91521; 91522; 91523; 91526; 91601; 91602; 91603; 91604; 91606; 91607; 91608; 91609; 91611; 91612; 91614,,,16,16 Yard,8,Contractor,,1,556,,120,40,,,,,,,,,No,D - 16 Yard Dumpster,"*Dimensions: 8W x 4T x 14L* (exact size may vary) Weight Included: 1 ton Overweight Charges: $120/ton Rental period: 8 days Additional Days: $40 each RESTRICTIONS: - No more than (8) wheelbarrow of any heavy construction material such as dirt, concrete, brick, rock, etc. (This limitation does NOT mean that it will stay within the 1 ton inclusion, but that the truck can pick it up at removal) - Must be filled no more than level - No hazardous waste (ex. Chemicals, batteries, paint, fluorescent lights, oils, etc.) - No electronic waste (ex. Computers, monitors, printers, cell phones, etc.)"
California,,,91413; 91423; 91424; 91504; 91505; 91506; 91507; 91508; 91510; 91521; 91522; 91523; 91526; 91601; 91602; 91603; 91604; 91606; 91607; 91608; 91609; 91611; 91612; 91614,,,25,25 Yard,8,Contractor,,2,630,,120,40,,,,,,,,,No,D - 25 Yard Dumpster,"*Dimensions: 8W x 6T x 15L* (exact size may vary) Weight Included: 2 tons Overweight Charges: $120/ton Rental period: 8 days Additional Days: $40 each RESTRICTIONS: - No more than (15) wheelbarrows of any heavy construction material such as dirt, concrete, brick, rock, etc. (This limitation does NOT mean that it will stay within the 2 ton inclusion, but that the truck can pick it up at removal) - Must be filled no more than level - No hazardous waste (ex. Chemicals, batteries, paint, fluorescent lights, oils, etc.) - No electronic waste (ex. Computers, monitors, printers, cell phones, etc.)"
California,,,91413; 91423; 91424; 91504; 91505; 91506; 91507; 91508; 91510; 91521; 91522; 91523; 91526; 91601; 91602; 91603; 91604; 91606; 91607; 91608; 91609; 91611; 91612; 91614,,,40,40 Yard,8,Contractor,,3,812.13,,120,40,,,,,,,,,No,D - 40 Yard Dumpster,"*Dimensions: 8W x 6T x 22L* (exact size may vary) Weight Included: 3 tons Overweight Charges: $120/ton Rental period: 8 days Additional Days: $40 each RESTRICTIONS: - No more than (15) wheelbarrows of any heavy construction material such as dirt, concrete, brick, rock, etc. (This limitation does NOT mean that it will stay within the 3 ton inclusion, but that the truck can pick it up at removal) - Must be filled no more than level - No hazardous waste (ex. Chemicals, batteries, paint, fluorescent lights, oils, etc.) - No electronic waste (ex. Computers, monitors, printers, cell phones, etc.)"
California,,,90004; 90005; 90006; 90007; 90008; 90010; 90012; 90013; 90014; 90015; 90016; 90017; 90018; 90020; 90021; 90024; 90025; 90026; 90027; 90028; 90029; 90030; 90034; 90035; 90036; 90038; 90039; 90043; 90046; 90048; 90050; 90055; 90056; 90057; 90064; 90067; 90068; 90069; 90071; 90073; 90077; 90078; 90079; 90089; 90095; 90096; 90209; 90210; 90211; 90212; 90213,,,3,3 Yard,8,Contractor,,0.8,330.57,,320,25,,,,,,,,,No,D - 3 Yard Dumpster,"**THIS DUMPSTER DOES NOT HAVE WHEELS OR LIDS** If you want wheels and lids please select the 3yd with wheels and lids. Dimensions: 4W x 4T x 6L* (exact size may vary) Weight Included: 800lbs Overweight Charges: $16 per 100lbs Rental period: 8 days Additional Days: $25 each RESTRICTIONS: - No more than (2) wheelbarrow of any heavy construction material such as dirt, concrete, brick, rock, etc. (This limitation does NOT mean that it will stay within the 800lbs limit, but that the truck can pick it up at removal) - Must be filled no more than level - No hazardous waste (ex. Chemicals, batteries, paint, fluorescent lights, oils, etc.) - No electronic waste (ex. Computers, monitors, printers, cell phones, etc.)"
California,,,90004; 90005; 90006; 90007; 90008; 90010; 90012; 90013; 90014; 90015; 90016; 90017; 90018; 90020; 90021; 90024; 90025; 90026; 90027; 90028; 90029; 90030; 90034; 90035; 90036; 90038; 90039; 90043; 90046; 90048; 90050; 90055; 90056; 90057; 90064; 90067; 90068; 90069; 90071; 90073; 90077; 90078; 90079; 90089; 90095; 90096; 90209; 90210; 90211; 90212; 90213,,,3,3 Yard With Wheels,8,Contractor,,0.65,370.84,,320,25,,,,,,,,,No,D - 3 Yard Dumpster with Lids & Wheels,"Dimensions: 4W x 4T x 6L* (exact size may vary) Weight Included: 800lbs Overweight Charges: $16 per 100lbs Rental period: 8 days Additional Days: $25 each The 3yd with wheels and lids can be moved around after being placed down by the truck RESTRICTIONS: - No heavy construction material such as dirt, concrete, brick, rock, etc. - Must be filled no more than level - No hazardous waste (ex. Chemicals, batteries, paint, fluorescent lights, oils, etc.) - No electronic waste (ex. Computers, monitors, printers, cell phones, etc.) - If you move the dumpster from the spot that the driver dropped it off, you must move it back before removal."
California,,,90004; 90005; 90006; 90007; 90008; 90010; 90012; 90013; 90014; 90015; 90016; 90017; 90018; 90020; 90021; 90024; 90025; 90026; 90027; 90028; 90029; 90030; 90034; 90035; 90036; 90038; 90039; 90043; 90046; 90048; 90050; 90055; 90056; 90057; 90064; 90067; 90068; 90069; 90071; 90073; 90077; 90078; 90079; 90089; 90095; 90096; 90209; 90210; 90211; 90212; 90213,,,9,9 Yard,8,Contractor,,1,498.42,,120,40,,,,,,,,,No,D - 9 Yard Dumpster,"Dimensions: 6W x 4T x 10L* (exact size may vary) Weight Included: 1 ton Overweight Charges: $120/ton  Rental period: 8 days Additional Days: $40 each The 9cuyd dumpster can fit in most garages and carports! Perfect for fitting into tight spaces RESTRICTIONS: - No more than (5) wheelbarrow of any heavy construction material such as dirt, concrete, brick, rock, etc. (This limitation does NOT mean that it will stay within the 1 ton inclusion, but that the truck can pick it up at removal) - Must be filled no more than level - No hazardous waste (ex. Chemicals, batteries, paint, fluorescent lights, oils, etc.) - No electronic waste (ex. Computers, monitors, printers, cell phones, etc.)"
California,,,90004; 90005; 90006; 90007; 90008; 90010; 90012; 90013; 90014; 90015; 90016; 90017; 90018; 90020; 90021; 90024; 90025; 90026; 90027; 90028; 90029; 90030; 90034; 90035; 90036; 90038; 90039; 90043; 90046; 90048; 90050; 90055; 90056; 90057; 90064; 90067; 90068; 90069; 90071; 90073; 90077; 90078; 90079; 90089; 90095; 90096; 90209; 90210; 90211; 90212; 90213,,Clean Inert,10,10 Yard Clean,8,Contractor,,13,855.4,,120,40,,,,,,,,,No,"D - 10 Yard ""Low Boy"" Clean Inert Material Only Dumpster","Dimensions: 8W x 2T x 18L* (exact size may vary) Weight Included: Unlimted. Sorting Fee: $95-$150. Rental period: 8 days Additional Days: $40 each RESTRICTIONS: - Single inert material (dirt, rock, OR concrete) - If you mix (2) or more inert materials it becomes a clean mixed load and a sorting fee will be charged - Any materials other than dirt, rock, or concrete will make it a mixed trash load and the inclusion will go down to 1 tons and overloads will be charged at the rate of $120/ton for general trash and $130/ton for construction and demolition. (NOTE: Grass and brick are considered trash and are charged by the ton) - Must be filled no more than level - No hazardous waste (ex. Chemicals, batteries, paint, fluorescent lights, oils, etc.) - No electronic waste (ex. Computers, monitors, printers, cell phones, etc.)"
California,,,90004; 90005; 90006; 90007; 90008; 90010; 90012; 90013; 90014; 90015; 90016; 90017; 90018; 90020; 90021; 90024; 90025; 90026; 90027; 90028; 90029; 90030; 90034; 90035; 90036; 90038; 90039; 90043; 90046; 90048; 90050; 90055; 90056; 90057; 90064; 90067; 90068; 90069; 90071; 90073; 90077; 90078; 90079; 90089; 90095; 90096; 90209; 90210; 90211; 90212; 90213,,Mixed Trash,10,10 Yard,8,Contractor,,1,655.77,,120,40,,,,,,,,,No,D - 10 Yard Dumpster,"Dimensions: 8W x 2T x 18L* (exact size may vary) Weight Included: 1 ton  Sorting Fee: $95-$150 Rental period: 8 days Additional Days: $40 each RESTRICTIONS: - Single inert material (dirt, rock, OR concrete) - If you mix (2) or more inert materials it becomes a clean mixed load and a sorting fee will be charged - Any materials other than dirt, rock, or concrete will make it a mixed trash load and the inclusion will go down to 1 ton and overloads will be charged at the rate of $120/ton for general trash and $130/ton for construction and demolition. (NOTE: Grass and brick are considered trash and are charged by the ton) - Must be filled no more than level - No hazardous waste (ex. Chemicals, batteries, paint, fluorescent lights, oils, etc.) - No electronic waste (ex. Computers, monitors, printers, cell phones, etc.)"
California,,,90004; 90005; 90006; 90007; 90008; 90010; 90012; 90013; 90014; 90015; 90016; 90017; 90018; 90020; 90021; 90024; 90025; 90026; 90027; 90028; 90029; 90030; 90034; 90035; 90036; 90038; 90039; 90043; 90046; 90048; 90050; 90055; 90056; 90057; 90064; 90067; 90068; 90069; 90071; 90073; 90077; 90078; 90079; 90089; 90095; 90096; 90209; 90210; 90211; 90212; 90213,,,16,16 Yard,8,Contractor,,1,700.77,,120,40,,,,,,,,,No,D - 16 Yard Dumpster,"*Dimensions: 8W x 4T x 14L* (exact size may vary) Weight Included: 1 ton Overweight Charges: $120/ton Rental period: 8 days Additional Days: $40 each RESTRICTIONS: - No more than (8) wheelbarrow of any heavy construction material such as dirt, concrete, brick, rock, etc. (This limitation does NOT mean that it will stay within the 1 ton inclusion, but that the truck can pick it up at removal) - Must be filled no more than level - No hazardous waste (ex. Chemicals, batteries, paint, fluorescent lights, oils, etc.) - No electronic waste (ex. Computers, monitors, printers, cell phones, etc.)"
California,,,90004; 90005; 90006; 90007; 90008; 90010; 90012; 90013; 90014; 90015; 90016; 90017; 90018; 90020; 90021; 90024; 90025; 90026; 90027; 90028; 90029; 90030; 90034; 90035; 90036; 90038; 90039; 90043; 90046; 90048; 90050; 90055; 90056; 90057; 90064; 90067; 90068; 90069; 90071; 90073; 90077; 90078; 90079; 90089; 90095; 90096; 90209; 90210; 90211; 90212; 90213,,,25,25 Yard,8,Contractor,,2,822.16,,120,40,,,,,,,,,No,D - 25 Yard Dumpster,"*Dimensions: 8W x 6T x 15L* (exact size may vary) Weight Included: 2 tons Overweight Charges: $120/ton Rental period: 8 days Additional Days: $40 each RESTRICTIONS: - No more than (15) wheelbarrows of any heavy construction material such as dirt, concrete, brick, rock, etc. (This limitation does NOT mean that it will stay within the 2 ton inclusion, but that the truck can pick it up at removal) - Must be filled no more than level - No hazardous waste (ex. Chemicals, batteries, paint, fluorescent lights, oils, etc.) - No electronic waste (ex. Computers, monitors, printers, cell phones, etc.)"
California,,,90004; 90005; 90006; 90007; 90008; 90010; 90012; 90013; 90014; 90015; 90016; 90017; 90018; 90020; 90021; 90024; 90025; 90026; 90027; 90028; 90029; 90030; 90034; 90035; 90036; 90038; 90039; 90043; 90046; 90048; 90050; 90055; 90056; 90057; 90064; 90067; 90068; 90069; 90071; 90073; 90077; 90078; 90079; 90089; 90095; 90096; 90209; 90210; 90211; 90212; 90213,,,40,40 Yard,8,Contractor,,3,1024.54,,120,40,,,,,,,,,No,D - 40 Yard Dumpster,"*Dimensions: 8W x 6T x 22L* (exact size may vary) Weight Included: 3 tons Overweight Charges: $120/ton Rental period: 8 days Additional Days: $40 each RESTRICTIONS: - No more than (15) wheelbarrows of any heavy construction material such as dirt, concrete, brick, rock, etc. (This limitation does NOT mean that it will stay within the 3 ton inclusion, but that the truck can pick it up at removal) - Must be filled no more than level - No hazardous waste (ex. Chemicals, batteries, paint, fluorescent lights, oils, etc.) - No electronic waste (ex. Computers, monitors, printers, cell phones, etc.)"
California,,,90041; 90042; 90065; 91001; 91011; 91012; 91020; 91024; 91030; 91040; 91042; 91043; 91046; 91101; 91102; 91103; 91104; 91105; 91106; 91107; 91108; 91109; 91110; 91114; 91115; 91116; 91117; 91118; 91121; 91123; 91124; 91125; 91126; 91129; 91182; 91184; 91185; 91188; 91189; 91191; 91199; 91201; 91202; 91203; 91204; 91205; 91206; 91207; 91208; 91209; 91210; 91214; 91221; 91222; 91224; 91225; 91226; 91352; 91353; 91381; 91501; 91502; 91503,,,3,3 Yard,8,Contractor,,0.8,313.04,,320,25,,,,,,,,,No,D - 3 Yard Dumpster,"**THIS DUMPSTER DOES NOT HAVE WHEELS OR LIDS** If you want wheels and lids please select the 3yd with wheels and lids. Dimensions: 4W x 4T x 6L* (exact size may vary) Weight Included: 800lbs Overweight Charges: $16 per 100lbs Rental period: 8 days Additional Days: $25 each RESTRICTIONS: - No more than (2) wheelbarrow of any heavy construction material such as dirt, concrete, brick, rock, etc. (This limitation does NOT mean that it will stay within the 800lbs limit, but that the truck can pick it up at removal) - Must be filled no more than level - No hazardous waste (ex. Chemicals, batteries, paint, fluorescent lights, oils, etc.) - No electronic waste (ex. Computers, monitors, printers, cell phones, etc.)"
California,,,90041; 90042; 90065; 91001; 91011; 91012; 91020; 91024; 91030; 91040; 91042; 91043; 91046; 91101; 91102; 91103; 91104; 91105; 91106; 91107; 91108; 91109; 91110; 91114; 91115; 91116; 91117; 91118; 91121; 91123; 91124; 91125; 91126; 91129; 91182; 91184; 91185; 91188; 91189; 91191; 91199; 91201; 91202; 91203; 91204; 91205; 91206; 91207; 91208; 91209; 91210; 91214; 91221; 91222; 91224; 91225; 91226; 91352; 91353; 91381; 91501; 91502; 91503,,,3,3 Yard With Wheels,8,Contractor,,0.65,352.32,,320,25,,,,,,,,,No,D - 3 Yard Dumpster with Lids & Wheels,"Dimensions: 4W x 4T x 6L* (exact size may vary) Weight Included: 800lbs Overweight Charges: $16 per 100lbs Rental period: 8 days Additional Days: $25 each The 3yd with wheels and lids can be moved around after being placed down by the truck RESTRICTIONS: - No heavy construction material such as dirt, concrete, brick, rock, etc. - Must be filled no more than level - No hazardous waste (ex. Chemicals, batteries, paint, fluorescent lights, oils, etc.) - No electronic waste (ex. Computers, monitors, printers, cell phones, etc.) - If you move the dumpster from the spot that the driver dropped it off, you must move it back before removal."
California,,,90041; 90042; 90065; 91001; 91011; 91012; 91020; 91024; 91030; 91040; 91042; 91043; 91046; 91101; 91102; 91103; 91104; 91105; 91106; 91107; 91108; 91109; 91110; 91114; 91115; 91116; 91117; 91118; 91121; 91123; 91124; 91125; 91126; 91129; 91182; 91184; 91185; 91188; 91189; 91191; 91199; 91201; 91202; 91203; 91204; 91205; 91206; 91207; 91208; 91209; 91210; 91214; 91221; 91222; 91224; 91225; 91226; 91352; 91353; 91381; 91501; 91502; 91503,,,9,9 Yard,8,Contractor,,1,479.33,,120,40,,,,,,,,,No,D - 9 Yard Dumpster,"Dimensions: 6W x 4T x 10L* (exact size may vary) Weight Included: 1 ton Overweight Charges: $120/ton  Rental period: 8 days Additional Days: $40 each The 9cuyd dumpster can fit in most garages and carports! Perfect for fitting into tight spaces RESTRICTIONS: - No more than (5) wheelbarrow of any heavy construction material such as dirt, concrete, brick, rock, etc. (This limitation does NOT mean that it will stay within the 1 ton inclusion, but that the truck can pick it up at removal) - Must be filled no more than level - No hazardous waste (ex. Chemicals, batteries, paint, fluorescent lights, oils, etc.) - No electronic waste (ex. Computers, monitors, printers, cell phones, etc.)"
California,,,90041; 90042; 90065; 91001; 91011; 91012; 91020; 91024; 91030; 91040; 91042; 91043; 91046; 91101; 91102; 91103; 91104; 91105; 91106; 91107; 91108; 91109; 91110; 91114; 91115; 91116; 91117; 91118; 91121; 91123; 91124; 91125; 91126; 91129; 91182; 91184; 91185; 91188; 91189; 91191; 91199; 91201; 91202; 91203; 91204; 91205; 91206; 91207; 91208; 91209; 91210; 91214; 91221; 91222; 91224; 91225; 91226; 91352; 91353; 91381; 91501; 91502; 91503,,Clean Inert,10,10 Yard Clean,8,Contractor,,13,807.66,,120,40,,,,,,,,,No,"D - 10 Yard ""Low Boy"" Clean Inert Material Only Dumpster","Dimensions: 8W x 2T x 18L* (exact size may vary) Weight Included: Unlimted. Sorting Fee: $95-$150. Rental period: 8 days Additional Days: $40 each RESTRICTIONS: - Single inert material (dirt, rock, OR concrete) - If you mix (2) or more inert materials it becomes a clean mixed load and a sorting fee will be charged - Any materials other than dirt, rock, or concrete will make it a mixed trash load and the inclusion will go down to 1 tons and overloads will be charged at the rate of $120/ton for general trash and $130/ton for construction and demolition. (NOTE: Grass and brick are considered trash and are charged by the ton) - Must be filled no more than level - No hazardous waste (ex. Chemicals, batteries, paint, fluorescent lights, oils, etc.) - No electronic waste (ex. Computers, monitors, printers, cell phones, etc.)"
California,,,90041; 90042; 90065; 91001; 91011; 91012; 91020; 91024; 91030; 91040; 91042; 91043; 91046; 91101; 91102; 91103; 91104; 91105; 91106; 91107; 91108; 91109; 91110; 91114; 91115; 91116; 91117; 91118; 91121; 91123; 91124; 91125; 91126; 91129; 91182; 91184; 91185; 91188; 91189; 91191; 91199; 91201; 91202; 91203; 91204; 91205; 91206; 91207; 91208; 91209; 91210; 91214; 91221; 91222; 91224; 91225; 91226; 91352; 91353; 91381; 91501; 91502; 91503,,Mixed Trash,10,10 Yard,8,Contractor,,1,627.29,,120,40,,,,,,,,,No,D - 10 Yard Dumpster,"Dimensions: 8W x 2T x 18L* (exact size may vary) Weight Included: 1 ton  Sorting Fee: $95-$150 Rental period: 8 days Additional Days: $40 each RESTRICTIONS: - Single inert material (dirt, rock, OR concrete) - If you mix (2) or more inert materials it becomes a clean mixed load and a sorting fee will be charged - Any materials other than dirt, rock, or concrete will make it a mixed trash load and the inclusion will go down to 1 ton and overloads will be charged at the rate of $120/ton for general trash and $130/ton for construction and demolition. (NOTE: Grass and brick are considered trash and are charged by the ton) - Must be filled no more than level - No hazardous waste (ex. Chemicals, batteries, paint, fluorescent lights, oils, etc.) - No electronic waste (ex. Computers, monitors, printers, cell phones, etc.)"
California,,,90041; 90042; 90065; 91001; 91011; 91012; 91020; 91024; 91030; 91040; 91042; 91043; 91046; 91101; 91102; 91103; 91104; 91105; 91106; 91107; 91108; 91109; 91110; 91114; 91115; 91116; 91117; 91118; 91121; 91123; 91124; 91125; 91126; 91129; 91182; 91184; 91185; 91188; 91189; 91191; 91199; 91201; 91202; 91203; 91204; 91205; 91206; 91207; 91208; 91209; 91210; 91214; 91221; 91222; 91224; 91225; 91226; 91352; 91353; 91381; 91501; 91502; 91503,,,16,16 Yard,8,Contractor,,1,672.29,,120,40,,,,,,,,,No,D - 16 Yard Dumpster,"*Dimensions: 8W x 4T x 14L* (exact size may vary) Weight Included: 1 ton Overweight Charges: $120/ton Rental period: 8 days Additional Days: $40 each RESTRICTIONS: - No more than (8) wheelbarrow of any heavy construction material such as dirt, concrete, brick, rock, etc. (This limitation does NOT mean that it will stay within the 1 ton inclusion, but that the truck can pick it up at removal) - Must be filled no more than level - No hazardous waste (ex. Chemicals, batteries, paint, fluorescent lights, oils, etc.) - No electronic waste (ex. Computers, monitors, printers, cell phones, etc.)"
California,,,90041; 90042; 90065; 91001; 91011; 91012; 91020; 91024; 91030; 91040; 91042; 91043; 91046; 91101; 91102; 91103; 91104; 91105; 91106; 91107; 91108; 91109; 91110; 91114; 91115; 91116; 91117; 91118; 91121; 91123; 91124; 91125; 91126; 91129; 91182; 91184; 91185; 91188; 91189; 91191; 91199; 91201; 91202; 91203; 91204; 91205; 91206; 91207; 91208; 91209; 91210; 91214; 91221; 91222; 91224; 91225; 91226; 91352; 91353; 91381; 91501; 91502; 91503,,,25,25 Yard,8,Contractor,,2,772.22,,120,40,,,,,,,,,No,D - 25 Yard Dumpster,"*Dimensions: 8W x 6T x 15L* (exact size may vary) Weight Included: 2 tons Overweight Charges: $120/ton Rental period: 8 days Additional Days: $40 each RESTRICTIONS: - No more than (15) wheelbarrows of any heavy construction material such as dirt, concrete, brick, rock, etc. (This limitation does NOT mean that it will stay within the 2 ton inclusion, but that the truck can pick it up at removal) - Must be filled no more than level - No hazardous waste (ex. Chemicals, batteries, paint, fluorescent lights, oils, etc.) - No electronic waste (ex. Computers, monitors, printers, cell phones, etc.)"
California,,,90041; 90042; 90065; 91001; 91011; 91012; 91020; 91024; 91030; 91040; 91042; 91043; 91046; 91101; 91102; 91103; 91104; 91105; 91106; 91107; 91108; 91109; 91110; 91114; 91115; 91116; 91117; 91118; 91121; 91123; 91124; 91125; 91126; 91129; 91182; 91184; 91185; 91188; 91189; 91191; 91199; 91201; 91202; 91203; 91204; 91205; 91206; 91207; 91208; 91209; 91210; 91214; 91221; 91222; 91224; 91225; 91226; 91352; 91353; 91381; 91501; 91502; 91503,,,40,40 Yard,8,Contractor,,3,967.62,,120,40,,,,,,,,,No,D - 40 Yard Dumpster,"*Dimensions: 8W x 6T x 22L* (exact size may vary) Weight Included: 3 tons Overweight Charges: $120/ton Rental period: 8 days Additional Days: $40 each RESTRICTIONS: - No more than (15) wheelbarrows of any heavy construction material such as dirt, concrete, brick, rock, etc. (This limitation does NOT mean that it will stay within the 3 ton inclusion, but that the truck can pick it up at removal) - Must be filled no more than level - No hazardous waste (ex. Chemicals, batteries, paint, fluorescent lights, oils, etc.) - No electronic waste (ex. Computers, monitors, printers, cell phones, etc.)"
California,,,90049; 90263; 90264; 90265; 90272; 91376,,,3,3 Yard,8,Contractor,,0.8,359.56,,320,25,,,,,,,,,No,D - 3 Yard Dumpster,"**THIS DUMPSTER DOES NOT HAVE WHEELS OR LIDS** If you want wheels and lids please select the 3yd with wheels and lids. Dimensions: 4W x 4T x 6L* (exact size may vary) Weight Included: 800lbs Overweight Charges: $16 per 100lbs Rental period: 8 days Additional Days: $25 each RESTRICTIONS: - No more than (2) wheelbarrow of any heavy construction material such as dirt, concrete, brick, rock, etc. (This limitation does NOT mean that it will stay within the 800lbs limit, but that the truck can pick it up at removal) - Must be filled no more than level - No hazardous waste (ex. Chemicals, batteries, paint, fluorescent lights, oils, etc.) - No electronic waste (ex. Computers, monitors, printers, cell phones, etc.)"
California,,,90049; 90263; 90264; 90265; 90272; 91376,,,3,3 Yard With Wheels,8,Contractor,,0.65,401.48,,320,25,,,,,,,,,No,D - 3 Yard Dumpster with Lids & Wheels,"Dimensions: 4W x 4T x 6L* (exact size may vary) Weight Included: 800lbs Overweight Charges: $16 per 100lbs Rental period: 8 days Additional Days: $25 each The 3yd with wheels and lids can be moved around after being placed down by the truck RESTRICTIONS: - No heavy construction material such as dirt, concrete, brick, rock, etc. - Must be filled no more than level - No hazardous waste (ex. Chemicals, batteries, paint, fluorescent lights, oils, etc.) - No electronic waste (ex. Computers, monitors, printers, cell phones, etc.) - If you move the dumpster from the spot that the driver dropped it off, you must move it back before removal."
California,,,90049; 90263; 90264; 90265; 90272; 91376,,,9,9 Yard,8,Contractor,,1,531,,120,40,,,,,,,,,No,D - 9 Yard Dumpster,"Dimensions: 6W x 4T x 10L* (exact size may vary) Weight Included: 1 ton Overweight Charges: $120/ton  Rental period: 8 days Additional Days: $40 each The 9cuyd dumpster can fit in most garages and carports! Perfect for fitting into tight spaces RESTRICTIONS: - No more than (5) wheelbarrow of any heavy construction material such as dirt, concrete, brick, rock, etc. (This limitation does NOT mean that it will stay within the 1 ton inclusion, but that the truck can pick it up at removal) - Must be filled no more than level - No hazardous waste (ex. Chemicals, batteries, paint, fluorescent lights, oils, etc.) - No electronic waste (ex. Computers, monitors, printers, cell phones, etc.)"
California,,,90049; 90263; 90264; 90265; 90272; 91376,,Clean Inert,10,10 Yard Clean,8,Contractor,,13,948.75,,120,40,,,,,,,,,No,"D - 10 Yard ""Low Boy"" Clean Inert Material Only Dumpster","Dimensions: 8W x 2T x 18L* (exact size may vary) Weight Included: Unlimted. Sorting Fee: $95-$150. Rental period: 8 days Additional Days: $40 each RESTRICTIONS: - Single inert material (dirt, rock, OR concrete) - If you mix (2) or more inert materials it becomes a clean mixed load and a sorting fee will be charged - Any materials other than dirt, rock, or concrete will make it a mixed trash load and the inclusion will go down to 1 tons and overloads will be charged at the rate of $120/ton for general trash and $130/ton for construction and demolition. (NOTE: Grass and brick are considered trash and are charged by the ton) - Must be filled no more than level - No hazardous waste (ex. Chemicals, batteries, paint, fluorescent lights, oils, etc.) - No electronic waste (ex. Computers, monitors, printers, cell phones, etc.)"
California,,,90049; 90263; 90264; 90265; 90272; 91376,,Mixed Trash,10,10 Yard,8,Contractor,,1,697.71,,120,40,,,,,,,,,No,D - 10 Yard Dumpster,"Dimensions: 8W x 2T x 18L* (exact size may vary) Weight Included: 1 ton  Sorting Fee: $95-$150 Rental period: 8 days Additional Days: $40 each RESTRICTIONS: - Single inert material (dirt, rock, OR concrete) - If you mix (2) or more inert materials it becomes a clean mixed load and a sorting fee will be charged - Any materials other than dirt, rock, or concrete will make it a mixed trash load and the inclusion will go down to 1 ton and overloads will be charged at the rate of $120/ton for general trash and $130/ton for construction and demolition. (NOTE: Grass and brick are considered trash and are charged by the ton) - Must be filled no more than level - No hazardous waste (ex. Chemicals, batteries, paint, fluorescent lights, oils, etc.) - No electronic waste (ex. Computers, monitors, printers, cell phones, etc.)"
California,,,90049; 90263; 90264; 90265; 90272; 91376,,,16,16 Yard,8,Contractor,,1,742.71,,120,40,,,,,,,,,No,D - 16 Yard Dumpster,"*Dimensions: 8W x 4T x 14L* (exact size may vary) Weight Included: 1 ton Overweight Charges: $120/ton Rental period: 8 days Additional Days: $40 each RESTRICTIONS: - No more than (8) wheelbarrow of any heavy construction material such as dirt, concrete, brick, rock, etc. (This limitation does NOT mean that it will stay within the 1 ton inclusion, but that the truck can pick it up at removal) - Must be filled no more than level - No hazardous waste (ex. Chemicals, batteries, paint, fluorescent lights, oils, etc.) - No electronic waste (ex. Computers, monitors, printers, cell phones, etc.)"
California,,,90049; 90263; 90264; 90265; 90272; 91376,,,25,25 Yard,8,Contractor,,2,910.21,,120,40,,,,,,,,,No,D - 25 Yard Dumpster,"*Dimensions: 8W x 6T x 15L* (exact size may vary) Weight Included: 2 tons Overweight Charges: $120/ton Rental period: 8 days Additional Days: $40 each RESTRICTIONS: - No more than (15) wheelbarrows of any heavy construction material such as dirt, concrete, brick, rock, etc. (This limitation does NOT mean that it will stay within the 2 ton inclusion, but that the truck can pick it up at removal) - Must be filled no more than level - No hazardous waste (ex. Chemicals, batteries, paint, fluorescent lights, oils, etc.) - No electronic waste (ex. Computers, monitors, printers, cell phones, etc.)"
California,,,90049; 90263; 90264; 90265; 90272; 91376,,,40,40 Yard,8,Contractor,,3,1122.71,,120,40,,,,,,,,,No,D - 40 Yard Dumpster,"*Dimensions: 8W x 6T x 22L* (exact size may vary) Weight Included: 3 tons Overweight Charges: $120/ton Rental period: 8 days Additional Days: $40 each RESTRICTIONS: - No more than (15) wheelbarrows of any heavy construction material such as dirt, concrete, brick, rock, etc. (This limitation does NOT mean that it will stay within the 3 ton inclusion, but that the truck can pick it up at removal) - Must be filled no more than level - No hazardous waste (ex. Chemicals, batteries, paint, fluorescent lights, oils, etc.) - No electronic waste (ex. Computers, monitors, printers, cell phones, etc.)"
California,,,91320; 91360; 91361; 91362; 91377,,,3,3 Yard,8,Contractor,,0.8,353.63,,320,25,,,,,,,,,No,D - 3 Yard Dumpster,"**THIS DUMPSTER DOES NOT HAVE WHEELS OR LIDS** If you want wheels and lids please select the 3yd with wheels and lids. Dimensions: 4W x 4T x 6L* (exact size may vary) Weight Included: 800lbs Overweight Charges: $16 per 100lbs Rental period: 8 days Additional Days: $25 each RESTRICTIONS: - No more than (2) wheelbarrow of any heavy construction material such as dirt, concrete, brick, rock, etc. (This limitation does NOT mean that it will stay within the 800lbs limit, but that the truck can pick it up at removal) - Must be filled no more than level - No hazardous waste (ex. Chemicals, batteries, paint, fluorescent lights, oils, etc.) - No electronic waste (ex. Computers, monitors, printers, cell phones, etc.)"
California,,,91320; 91360; 91361; 91362; 91377,,,3,3 Yard With Wheels,8,Contractor,,0.65,395.17,,320,25,,,,,,,,,No,D - 3 Yard Dumpster with Lids & Wheels,"Dimensions: 4W x 4T x 6L* (exact size may vary) Weight Included: 800lbs Overweight Charges: $16 per 100lbs Rental period: 8 days Additional Days: $25 each The 3yd with wheels and lids can be moved around after being placed down by the truck RESTRICTIONS: - No heavy construction material such as dirt, concrete, brick, rock, etc. - Must be filled no more than level - No hazardous waste (ex. Chemicals, batteries, paint, fluorescent lights, oils, etc.) - No electronic waste (ex. Computers, monitors, printers, cell phones, etc.) - If you move the dumpster from the spot that the driver dropped it off, you must move it back before removal."
California,,,91320; 91360; 91361; 91362; 91377,,,9,9 Yard,8,Contractor,,1,524.33,,120,40,,,,,,,,,No,D - 9 Yard Dumpster,"Dimensions: 6W x 4T x 10L* (exact size may vary) Weight Included: 1 ton Overweight Charges: $120/ton  Rental period: 8 days Additional Days: $40 each The 9cuyd dumpster can fit in most garages and carports! Perfect for fitting into tight spaces RESTRICTIONS: - No more than (5) wheelbarrow of any heavy construction material such as dirt, concrete, brick, rock, etc. (This limitation does NOT mean that it will stay within the 1 ton inclusion, but that the truck can pick it up at removal) - Must be filled no more than level - No hazardous waste (ex. Chemicals, batteries, paint, fluorescent lights, oils, etc.) - No electronic waste (ex. Computers, monitors, printers, cell phones, etc.)"
California,,,91320; 91360; 91361; 91362; 91377,,Clean Inert,10,10 Yard Clean,8,Contractor,,13,916.61,,120,40,,,,,,,,,No,"D - 10 Yard ""Low Boy"" Clean Inert Material Only Dumpster","Dimensions: 8W x 2T x 18L* (exact size may vary) Weight Included: Unlimted. Sorting Fee: $95-$150. Rental period: 8 days Additional Days: $40 each RESTRICTIONS: - Single inert material (dirt, rock, OR concrete) - If you mix (2) or more inert materials it becomes a clean mixed load and a sorting fee will be charged - Any materials other than dirt, rock, or concrete will make it a mixed trash load and the inclusion will go down to 1 tons and overloads will be charged at the rate of $120/ton for general trash and $130/ton for construction and demolition. (NOTE: Grass and brick are considered trash and are charged by the ton) - Must be filled no more than level - No hazardous waste (ex. Chemicals, batteries, paint, fluorescent lights, oils, etc.) - No electronic waste (ex. Computers, monitors, printers, cell phones, etc.)"
California,,,91320; 91360; 91361; 91362; 91377,,Mixed Trash,10,10 Yard,8,Contractor,,1,688.36,,120,40,,,,,,,,,No,D - 10 Yard Dumpster,"Dimensions: 8W x 2T x 18L* (exact size may vary) Weight Included: 1 ton  Sorting Fee: $95-$150 Rental period: 8 days Additional Days: $40 each RESTRICTIONS: - Single inert material (dirt, rock, OR concrete) - If you mix (2) or more inert materials it becomes a clean mixed load and a sorting fee will be charged - Any materials other than dirt, rock, or concrete will make it a mixed trash load and the inclusion will go down to 1 ton and overloads will be charged at the rate of $120/ton for general trash and $130/ton for construction and demolition. (NOTE: Grass and brick are considered trash and are charged by the ton) - Must be filled no more than level - No hazardous waste (ex. Chemicals, batteries, paint, fluorescent lights, oils, etc.) - No electronic waste (ex. Computers, monitors, printers, cell phones, etc.)"
California,,,91320; 91360; 91361; 91362; 91377,,,16,16 Yard,8,Contractor,,1,733.36,,120,40,,,,,,,,,No,D - 16 Yard Dumpster,"*Dimensions: 8W x 4T x 14L* (exact size may vary) Weight Included: 1 ton Overweight Charges: $120/ton Rental period: 8 days Additional Days: $40 each RESTRICTIONS: - No more than (8) wheelbarrow of any heavy construction material such as dirt, concrete, brick, rock, etc. (This limitation does NOT mean that it will stay within the 1 ton inclusion, but that the truck can pick it up at removal) - Must be filled no more than level - No hazardous waste (ex. Chemicals, batteries, paint, fluorescent lights, oils, etc.) - No electronic waste (ex. Computers, monitors, printers, cell phones, etc.)"
California,,,91320; 91360; 91361; 91362; 91377,,,25,25 Yard,8,Contractor,,2,879.01,,120,40,,,,,,,,,No,D - 25 Yard Dumpster,"*Dimensions: 8W x 6T x 15L* (exact size may vary) Weight Included: 2 tons Overweight Charges: $120/ton Rental period: 8 days Additional Days: $40 each RESTRICTIONS: - No more than (15) wheelbarrows of any heavy construction material such as dirt, concrete, brick, rock, etc. (This limitation does NOT mean that it will stay within the 2 ton inclusion, but that the truck can pick it up at removal) - Must be filled no more than level - No hazardous waste (ex. Chemicals, batteries, paint, fluorescent lights, oils, etc.) - No electronic waste (ex. Computers, monitors, printers, cell phones, etc.)"
California,,,91320; 91360; 91361; 91362; 91377,,,40,40 Yard,8,Contractor,,3,1076.33,,120,40,,,,,,,,,No,D - 40 Yard Dumpster,"*Dimensions: 8W x 6T x 22L* (exact size may vary) Weight Included: 3 tons Overweight Charges: $120/ton Rental period: 8 days Additional Days: $40 each RESTRICTIONS: - No more than (15) wheelbarrows of any heavy construction material such as dirt, concrete, brick, rock, etc. (This limitation does NOT mean that it will stay within the 3 ton inclusion, but that the truck can pick it up at removal) - Must be filled no more than level - No hazardous waste (ex. Chemicals, batteries, paint, fluorescent lights, oils, etc.) - No electronic waste (ex. Computers, monitors, printers, cell phones, etc.)"
California,,,91321; 91322; 91350; 91351; 91354; 91355; 91380; 91382; 91383; 91385; 91386; 91387,,,3,3 Yard,8,Contractor,,0.8,480.8,,320,25,,,,,,,,,No,D - 3 Yard Dumpster,"**THIS DUMPSTER DOES NOT HAVE WHEELS OR LIDS** If you want wheels and lids please select the 3yd with wheels and lids. Dimensions: 4W x 4T x 6L* (exact size may vary) Weight Included: 800lbs Overweight Charges: $16 per 100lbs Rental period: 8 days Additional Days: $25 each RESTRICTIONS: - No more than (2) wheelbarrow of any heavy construction material such as dirt, concrete, brick, rock, etc. (This limitation does NOT mean that it will stay within the 800lbs limit, but that the truck can pick it up at removal) - Must be filled no more than level - No hazardous waste (ex. Chemicals, batteries, paint, fluorescent lights, oils, etc.) - No electronic waste (ex. Computers, monitors, printers, cell phones, etc.)"
California,,,91321; 91322; 91350; 91351; 91354; 91355; 91380; 91382; 91383; 91385; 91386; 91387,,,3,3 Yard With Wheels,8,Contractor,,0.65,480.8,,320,25,,,,,,,,,No,D - 3 Yard Dumpster with Lids & Wheels,"Dimensions: 4W x 4T x 6L* (exact size may vary) Weight Included: 800lbs Overweight Charges: $16 per 100lbs Rental period: 8 days Additional Days: $25 each The 3yd with wheels and lids can be moved around after being placed down by the truck RESTRICTIONS: - No heavy construction material such as dirt, concrete, brick, rock, etc. - Must be filled no more than level - No hazardous waste (ex. Chemicals, batteries, paint, fluorescent lights, oils, etc.) - No electronic waste (ex. Computers, monitors, printers, cell phones, etc.) - If you move the dumpster from the spot that the driver dropped it off, you must move it back before removal."
California,,,91321; 91322; 91350; 91351; 91354; 91355; 91380; 91382; 91383; 91385; 91386; 91387,,,9,9 Yard,8,Contractor,,1,675,,120,40,,,,,,,,,No,D - 9 Yard Dumpster,"Dimensions: 6W x 4T x 10L* (exact size may vary) Weight Included: 1 ton Overweight Charges: $120/ton  Rental period: 8 days Additional Days: $40 each The 9cuyd dumpster can fit in most garages and carports! Perfect for fitting into tight spaces RESTRICTIONS: - No more than (5) wheelbarrow of any heavy construction material such as dirt, concrete, brick, rock, etc. (This limitation does NOT mean that it will stay within the 1 ton inclusion, but that the truck can pick it up at removal) - Must be filled no more than level - No hazardous waste (ex. Chemicals, batteries, paint, fluorescent lights, oils, etc.) - No electronic waste (ex. Computers, monitors, printers, cell phones, etc.)"
California,,,91321; 91322; 91350; 91351; 91354; 91355; 91380; 91382; 91383; 91385; 91386; 91387,,Clean Inert,10,10 Yard Clean,8,Contractor,,13,875,,120,40,,,,,,,,,No,"D - 10 Yard ""Low Boy"" Clean Inert Material Only Dumpster","Dimensions: 8W x 2T x 18L* (exact size may vary) Weight Included: Unlimted. Sorting Fee: $95-$150. Rental period: 8 days Additional Days: $40 each RESTRICTIONS: - Single inert material (dirt, rock, OR concrete) - If you mix (2) or more inert materials it becomes a clean mixed load and a sorting fee will be charged - Any materials other than dirt, rock, or concrete will make it a mixed trash load and the inclusion will go down to 1 tons and overloads will be charged at the rate of $120/ton for general trash and $130/ton for construction and demolition. (NOTE: Grass and brick are considered trash and are charged by the ton) - Must be filled no more than level - No hazardous waste (ex. Chemicals, batteries, paint, fluorescent lights, oils, etc.) - No electronic waste (ex. Computers, monitors, printers, cell phones, etc.)"
California,,,91321; 91322; 91350; 91351; 91354; 91355; 91380; 91382; 91383; 91385; 91386; 91387,,Mixed Trash,10,10 Yard,8,Contractor,,1,750,,120,40,,,,,,,,,No,D - 10 Yard Dumpster,"Dimensions: 8W x 2T x 18L* (exact size may vary) Weight Included: 1 ton  Sorting Fee: $95-$150 Rental period: 8 days Additional Days: $40 each RESTRICTIONS: - Single inert material (dirt, rock, OR concrete) - If you mix (2) or more inert materials it becomes a clean mixed load and a sorting fee will be charged - Any materials other than dirt, rock, or concrete will make it a mixed trash load and the inclusion will go down to 1 ton and overloads will be charged at the rate of $120/ton for general trash and $130/ton for construction and demolition. (NOTE: Grass and brick are considered trash and are charged by the ton) - Must be filled no more than level - No hazardous waste (ex. Chemicals, batteries, paint, fluorescent lights, oils, etc.) - No electronic waste (ex. Computers, monitors, printers, cell phones, etc.)"
California,,,91321; 91322; 91350; 91351; 91354; 91355; 91380; 91382; 91383; 91385; 91386; 91387,,,16,16 Yard,8,Contractor,,1,785,,120,40,,,,,,,,,No,D - 16 Yard Dumpster,"*Dimensions: 8W x 4T x 14L* (exact size may vary) Weight Included: 1 ton Overweight Charges: $120/ton Rental period: 8 days Additional Days: $40 each RESTRICTIONS: - No more than (8) wheelbarrow of any heavy construction material such as dirt, concrete, brick, rock, etc. (This limitation does NOT mean that it will stay within the 1 ton inclusion, but that the truck can pick it up at removal) - Must be filled no more than level - No hazardous waste (ex. Chemicals, batteries, paint, fluorescent lights, oils, etc.) - No electronic waste (ex. Computers, monitors, printers, cell phones, etc.)"
California,,,91321; 91322; 91350; 91351; 91354; 91355; 91380; 91382; 91383; 91385; 91386; 91387,,,25,25 Yard,8,Contractor,,2,875,,120,40,,,,,,,,,No,D - 25 Yard Dumpster,"*Dimensions: 8W x 6T x 15L* (exact size may vary) Weight Included: 2 tons Overweight Charges: $120/ton Rental period: 8 days Additional Days: $40 each RESTRICTIONS: - No more than (15) wheelbarrows of any heavy construction material such as dirt, concrete, brick, rock, etc. (This limitation does NOT mean that it will stay within the 2 ton inclusion, but that the truck can pick it up at removal) - Must be filled no more than level - No hazardous waste (ex. Chemicals, batteries, paint, fluorescent lights, oils, etc.) - No electronic waste (ex. Computers, monitors, printers, cell phones, etc.)"
California,,,91321; 91322; 91350; 91351; 91354; 91355; 91380; 91382; 91383; 91385; 91386; 91387,,,40,40 Yard,8,Contractor,,3,950,,120,40,,,,,,,,,No,D - 40 Yard Dumpster,"*Dimensions: 8W x 6T x 22L* (exact size may vary) Weight Included: 3 tons Overweight Charges: $120/ton Rental period: 8 days Additional Days: $40 each RESTRICTIONS: - No more than (15) wheelbarrows of any heavy construction material such as dirt, concrete, brick, rock, etc. (This limitation does NOT mean that it will stay within the 3 ton inclusion, but that the truck can pick it up at removal) - Must be filled no more than level - No hazardous waste (ex. Chemicals, batteries, paint, fluorescent lights, oils, etc.) - No electronic waste (ex. Computers, monitors, printers, cell phones, etc.)"